c	[analysis] Simple analytic mechanisms
cl	[analysis] Simple analytic mechanisms
interp	[analysis] Simple analytic mechanisms
interpGrp	[analysis] Simple analytic mechanisms
m	[analysis] Simple analytic mechanisms
pc	[analysis] Simple analytic mechanisms
phr	[analysis] Simple analytic mechanisms
s	[analysis] Simple analytic mechanisms
span	[analysis] Simple analytic mechanisms
spanGrp	[analysis] Simple analytic mechanisms
w	[analysis] Simple analytic mechanisms
certainty	[certainty] Certainty and uncertainty
precision	[certainty] Certainty and uncertainty
respons	[certainty] Certainty and uncertainty
abbr	[core] Elements common to all TEI documents
add	[core] Elements common to all TEI documents
addrLine	[core] Elements common to all TEI documents
address	[core] Elements common to all TEI documents
analytic	[core] Elements common to all TEI documents
author	[core] Elements common to all TEI documents
bibl	[core] Elements common to all TEI documents
biblScope	[core] Elements common to all TEI documents
biblStruct	[core] Elements common to all TEI documents
binaryObject	[core] Elements common to all TEI documents
cb	[core] Elements common to all TEI documents
choice	[core] Elements common to all TEI documents
cit	[core] Elements common to all TEI documents
citedRange	[core] Elements common to all TEI documents
corr	[core] Elements common to all TEI documents
date	[core] Elements common to all TEI documents
del	[core] Elements common to all TEI documents
desc	[core] Elements common to all TEI documents
distinct	[core] Elements common to all TEI documents
divGen	[core] Elements common to all TEI documents
editor	[core] Elements common to all TEI documents
email	[core] Elements common to all TEI documents
emph	[core] Elements common to all TEI documents
expan	[core] Elements common to all TEI documents
foreign	[core] Elements common to all TEI documents
gap	[core] Elements common to all TEI documents
gb	[core] Elements common to all TEI documents
gloss	[core] Elements common to all TEI documents
graphic	[core] Elements common to all TEI documents
head	[core] Elements common to all TEI documents
headItem	[core] Elements common to all TEI documents
headLabel	[core] Elements common to all TEI documents
hi	[core] Elements common to all TEI documents
imprint	[core] Elements common to all TEI documents
index	[core] Elements common to all TEI documents
item	[core] Elements common to all TEI documents
l	[core] Elements common to all TEI documents
label	[core] Elements common to all TEI documents
lb	[core] Elements common to all TEI documents
lg	[core] Elements common to all TEI documents
list	[core] Elements common to all TEI documents
listBibl	[core] Elements common to all TEI documents
measure	[core] Elements common to all TEI documents
measureGrp	[core] Elements common to all TEI documents
media	[core] Elements common to all TEI documents
meeting	[core] Elements common to all TEI documents
mentioned	[core] Elements common to all TEI documents
milestone	[core] Elements common to all TEI documents
monogr	[core] Elements common to all TEI documents
name	[core] Elements common to all TEI documents
note	[core] Elements common to all TEI documents
num	[core] Elements common to all TEI documents
orig	[core] Elements common to all TEI documents
p	[core] Elements common to all TEI documents
pb	[core] Elements common to all TEI documents
postBox	[core] Elements common to all TEI documents
postCode	[core] Elements common to all TEI documents
ptr	[core] Elements common to all TEI documents
pubPlace	[core] Elements common to all TEI documents
publisher	[core] Elements common to all TEI documents
q	[core] Elements common to all TEI documents
quote	[core] Elements common to all TEI documents
ref	[core] Elements common to all TEI documents
reg	[core] Elements common to all TEI documents
relatedItem	[core] Elements common to all TEI documents
resp	[core] Elements common to all TEI documents
respStmt	[core] Elements common to all TEI documents
rs	[core] Elements common to all TEI documents
said	[core] Elements common to all TEI documents
series	[core] Elements common to all TEI documents
sic	[core] Elements common to all TEI documents
soCalled	[core] Elements common to all TEI documents
sp	[core] Elements common to all TEI documents
speaker	[core] Elements common to all TEI documents
stage	[core] Elements common to all TEI documents
street	[core] Elements common to all TEI documents
teiCorpus	[core] Elements common to all TEI documents
term	[core] Elements common to all TEI documents
textLang	[core] Elements common to all TEI documents
time	[core] Elements common to all TEI documents
title	[core] Elements common to all TEI documents
unclear	[core] Elements common to all TEI documents
unit	[core] Elements common to all TEI documents
activity	[corpus] Corpus texts
channel	[corpus] Corpus texts
constitution	[corpus] Corpus texts
derivation	[corpus] Corpus texts
domain	[corpus] Corpus texts
factuality	[corpus] Corpus texts
interaction	[corpus] Corpus texts
locale	[corpus] Corpus texts
particDesc	[corpus] Corpus texts
preparedness	[corpus] Corpus texts
purpose	[corpus] Corpus texts
setting	[corpus] Corpus texts
settingDesc	[corpus] Corpus texts
textDesc	[corpus] Corpus texts
case	[dictionaries] Dictionaries
colloc	[dictionaries] Dictionaries
def	[dictionaries] Dictionaries
dictScrap	[dictionaries] Dictionaries
entry	[dictionaries] Dictionaries
entryFree	[dictionaries] Dictionaries
etym	[dictionaries] Dictionaries
form	[dictionaries] Dictionaries
gen	[dictionaries] Dictionaries
gram	[dictionaries] Dictionaries
gramGrp	[dictionaries] Dictionaries
hom	[dictionaries] Dictionaries
hyph	[dictionaries] Dictionaries
iType	[dictionaries] Dictionaries
lang	[dictionaries] Dictionaries
lbl	[dictionaries] Dictionaries
mood	[dictionaries] Dictionaries
number	[dictionaries] Dictionaries
oRef	[dictionaries] Dictionaries
orth	[dictionaries] Dictionaries
pRef	[dictionaries] Dictionaries
per	[dictionaries] Dictionaries
pos	[dictionaries] Dictionaries
pron	[dictionaries] Dictionaries
re	[dictionaries] Dictionaries
sense	[dictionaries] Dictionaries
stress	[dictionaries] Dictionaries
subc	[dictionaries] Dictionaries
superEntry	[dictionaries] Dictionaries
syll	[dictionaries] Dictionaries
tns	[dictionaries] Dictionaries
usg	[dictionaries] Dictionaries
xr	[dictionaries] Dictionaries
actor	[drama] Performance texts
camera	[drama] Performance texts
caption	[drama] Performance texts
castGroup	[drama] Performance texts
castItem	[drama] Performance texts
castList	[drama] Performance texts
epilogue	[drama] Performance texts
move	[drama] Performance texts
performance	[drama] Performance texts
prologue	[drama] Performance texts
role	[drama] Performance texts
roleDesc	[drama] Performance texts
set	[drama] Performance texts
sound	[drama] Performance texts
spGrp	[drama] Performance texts
tech	[drama] Performance texts
view	[drama] Performance texts
cell	[figures] Tables, formulæ, notated music, and figures
figDesc	[figures] Tables, formulæ, notated music, and figures
figure	[figures] Tables, formulæ, notated music, and figures
formula	[figures] Tables, formulæ, notated music, and figures
notatedMusic	[figures] Tables, formulæ, notated music, and figures
row	[figures] Tables, formulæ, notated music, and figures
table	[figures] Tables, formulæ, notated music, and figures
char	[gaiji] Character and glyph documentation
charDecl	[gaiji] Character and glyph documentation
charName	[gaiji] Character and glyph documentation
charProp	[gaiji] Character and glyph documentation
g	[gaiji] Character and glyph documentation
glyph	[gaiji] Character and glyph documentation
glyphName	[gaiji] Character and glyph documentation
localName	[gaiji] Character and glyph documentation
mapping	[gaiji] Character and glyph documentation
unicodeName	[gaiji] Character and glyph documentation
value	[gaiji] Character and glyph documentation
abstract	[header] The TEI Header
appInfo	[header] The TEI Header
application	[header] The TEI Header
authority	[header] The TEI Header
availability	[header] The TEI Header
biblFull	[header] The TEI Header
cRefPattern	[header] The TEI Header
calendar	[header] The TEI Header
calendarDesc	[header] The TEI Header
catDesc	[header] The TEI Header
catRef	[header] The TEI Header
category	[header] The TEI Header
change	[header] The TEI Header
classCode	[header] The TEI Header
classDecl	[header] The TEI Header
correction	[header] The TEI Header
correspAction	[header] The TEI Header
correspContext	[header] The TEI Header
correspDesc	[header] The TEI Header
creation	[header] The TEI Header
distributor	[header] The TEI Header
edition	[header] The TEI Header
editionStmt	[header] The TEI Header
editorialDecl	[header] The TEI Header
encodingDesc	[header] The TEI Header
extent	[header] The TEI Header
fileDesc	[header] The TEI Header
funder	[header] The TEI Header
geoDecl	[header] The TEI Header
handNote	[header] The TEI Header
hyphenation	[header] The TEI Header
idno	[header] The TEI Header
interpretation	[header] The TEI Header
keywords	[header] The TEI Header
langUsage	[header] The TEI Header
language	[header] The TEI Header
licence	[header] The TEI Header
listChange	[header] The TEI Header
listPrefixDef	[header] The TEI Header
namespace	[header] The TEI Header
normalization	[header] The TEI Header
notesStmt	[header] The TEI Header
prefixDef	[header] The TEI Header
principal	[header] The TEI Header
profileDesc	[header] The TEI Header
projectDesc	[header] The TEI Header
publicationStmt	[header] The TEI Header
punctuation	[header] The TEI Header
quotation	[header] The TEI Header
refState	[header] The TEI Header
refsDecl	[header] The TEI Header
rendition	[header] The TEI Header
revisionDesc	[header] The TEI Header
samplingDecl	[header] The TEI Header
schemaRef	[header] The TEI Header
scriptNote	[header] The TEI Header
segmentation	[header] The TEI Header
seriesStmt	[header] The TEI Header
sourceDesc	[header] The TEI Header
sponsor	[header] The TEI Header
stdVals	[header] The TEI Header
styleDefDecl	[header] The TEI Header
tagUsage	[header] The TEI Header
tagsDecl	[header] The TEI Header
taxonomy	[header] The TEI Header
teiHeader	[header] The TEI Header
textClass	[header] The TEI Header
titleStmt	[header] The TEI Header
xenoData	[header] The TEI Header
bicond	[iso-fs] Feature structures
binary	[iso-fs] Feature structures
cond	[iso-fs] Feature structures
default	[iso-fs] Feature structures
f	[iso-fs] Feature structures
fDecl	[iso-fs] Feature structures
fDescr	[iso-fs] Feature structures
fLib	[iso-fs] Feature structures
fs	[iso-fs] Feature structures
fsConstraints	[iso-fs] Feature structures
fsDecl	[iso-fs] Feature structures
fsDescr	[iso-fs] Feature structures
fsdDecl	[iso-fs] Feature structures
fsdLink	[iso-fs] Feature structures
fvLib	[iso-fs] Feature structures
if	[iso-fs] Feature structures
iff	[iso-fs] Feature structures
numeric	[iso-fs] Feature structures
string	[iso-fs] Feature structures
symbol	[iso-fs] Feature structures
then	[iso-fs] Feature structures
vAlt	[iso-fs] Feature structures
vColl	[iso-fs] Feature structures
vDefault	[iso-fs] Feature structures
vLabel	[iso-fs] Feature structures
vMerge	[iso-fs] Feature structures
vNot	[iso-fs] Feature structures
vRange	[iso-fs] Feature structures
ab	[linking] Linking, segmentation and alignment
alt	[linking] Linking, segmentation and alignment
altGrp	[linking] Linking, segmentation and alignment
anchor	[linking] Linking, segmentation and alignment
join	[linking] Linking, segmentation and alignment
joinGrp	[linking] Linking, segmentation and alignment
link	[linking] Linking, segmentation and alignment
linkGrp	[linking] Linking, segmentation and alignment
seg	[linking] Linking, segmentation and alignment
timeline	[linking] Linking, segmentation and alignment
when	[linking] Linking, segmentation and alignment
accMat	[msdescription] Manuscript Description
acquisition	[msdescription] Manuscript Description
additional	[msdescription] Manuscript Description
additions	[msdescription] Manuscript Description
adminInfo	[msdescription] Manuscript Description
altIdentifier	[msdescription] Manuscript Description
binding	[msdescription] Manuscript Description
bindingDesc	[msdescription] Manuscript Description
catchwords	[msdescription] Manuscript Description
collation	[msdescription] Manuscript Description
collection	[msdescription] Manuscript Description
colophon	[msdescription] Manuscript Description
condition	[msdescription] Manuscript Description
custEvent	[msdescription] Manuscript Description
custodialHist	[msdescription] Manuscript Description
decoDesc	[msdescription] Manuscript Description
decoNote	[msdescription] Manuscript Description
depth	[msdescription] Manuscript Description
dim	[msdescription] Manuscript Description
dimensions	[msdescription] Manuscript Description
explicit	[msdescription] Manuscript Description
filiation	[msdescription] Manuscript Description
finalRubric	[msdescription] Manuscript Description
foliation	[msdescription] Manuscript Description
handDesc	[msdescription] Manuscript Description
height	[msdescription] Manuscript Description
heraldry	[msdescription] Manuscript Description
history	[msdescription] Manuscript Description
incipit	[msdescription] Manuscript Description
institution	[msdescription] Manuscript Description
layout	[msdescription] Manuscript Description
layoutDesc	[msdescription] Manuscript Description
locus	[msdescription] Manuscript Description
locusGrp	[msdescription] Manuscript Description
material	[msdescription] Manuscript Description
msContents	[msdescription] Manuscript Description
msDesc	[msdescription] Manuscript Description
msFrag	[msdescription] Manuscript Description
msIdentifier	[msdescription] Manuscript Description
msItem	[msdescription] Manuscript Description
msItemStruct	[msdescription] Manuscript Description
msName	[msdescription] Manuscript Description
msPart	[msdescription] Manuscript Description
musicNotation	[msdescription] Manuscript Description
objectDesc	[msdescription] Manuscript Description
objectType	[msdescription] Manuscript Description
origDate	[msdescription] Manuscript Description
origPlace	[msdescription] Manuscript Description
origin	[msdescription] Manuscript Description
physDesc	[msdescription] Manuscript Description
provenance	[msdescription] Manuscript Description
recordHist	[msdescription] Manuscript Description
repository	[msdescription] Manuscript Description
rubric	[msdescription] Manuscript Description
scriptDesc	[msdescription] Manuscript Description
seal	[msdescription] Manuscript Description
sealDesc	[msdescription] Manuscript Description
secFol	[msdescription] Manuscript Description
signatures	[msdescription] Manuscript Description
source	[msdescription] Manuscript Description
stamp	[msdescription] Manuscript Description
summary	[msdescription] Manuscript Description
support	[msdescription] Manuscript Description
supportDesc	[msdescription] Manuscript Description
surrogates	[msdescription] Manuscript Description
typeDesc	[msdescription] Manuscript Description
typeNote	[msdescription] Manuscript Description
watermark	[msdescription] Manuscript Description
width	[msdescription] Manuscript Description
addName	[namesdates] Names and dates
affiliation	[namesdates] Names and dates
age	[namesdates] Names and dates
birth	[namesdates] Names and dates
bloc	[namesdates] Names and dates
climate	[namesdates] Names and dates
country	[namesdates] Names and dates
death	[namesdates] Names and dates
district	[namesdates] Names and dates
education	[namesdates] Names and dates
event	[namesdates] Names and dates
faith	[namesdates] Names and dates
floruit	[namesdates] Names and dates
forename	[namesdates] Names and dates
genName	[namesdates] Names and dates
geo	[namesdates] Names and dates
geogFeat	[namesdates] Names and dates
geogName	[namesdates] Names and dates
langKnowledge	[namesdates] Names and dates
langKnown	[namesdates] Names and dates
listEvent	[namesdates] Names and dates
listNym	[namesdates] Names and dates
listObject	[namesdates] Names and dates
listOrg	[namesdates] Names and dates
listPerson	[namesdates] Names and dates
listPlace	[namesdates] Names and dates
listRelation	[namesdates] Names and dates
location	[namesdates] Names and dates
nameLink	[namesdates] Names and dates
nationality	[namesdates] Names and dates
nym	[namesdates] Names and dates
object	[namesdates] Names and dates
objectIdentifier	[namesdates] Names and dates
objectName	[namesdates] Names and dates
occupation	[namesdates] Names and dates
offset	[namesdates] Names and dates
org	[namesdates] Names and dates
orgName	[namesdates] Names and dates
persName	[namesdates] Names and dates
person	[namesdates] Names and dates
personGrp	[namesdates] Names and dates
persona	[namesdates] Names and dates
place	[namesdates] Names and dates
placeName	[namesdates] Names and dates
population	[namesdates] Names and dates
region	[namesdates] Names and dates
relation	[namesdates] Names and dates
residence	[namesdates] Names and dates
roleName	[namesdates] Names and dates
settlement	[namesdates] Names and dates
sex	[namesdates] Names and dates
socecStatus	[namesdates] Names and dates
state	[namesdates] Names and dates
surname	[namesdates] Names and dates
terrain	[namesdates] Names and dates
trait	[namesdates] Names and dates
arc	[nets] Graphs, networks, and trees
eLeaf	[nets] Graphs, networks, and trees
eTree	[nets] Graphs, networks, and trees
forest	[nets] Graphs, networks, and trees
graph	[nets] Graphs, networks, and trees
iNode	[nets] Graphs, networks, and trees
leaf	[nets] Graphs, networks, and trees
listForest	[nets] Graphs, networks, and trees
node	[nets] Graphs, networks, and trees
root	[nets] Graphs, networks, and trees
tree	[nets] Graphs, networks, and trees
triangle	[nets] Graphs, networks, and trees
annotationBlock	[spoken] Transcribed Speech
broadcast	[spoken] Transcribed Speech
equipment	[spoken] Transcribed Speech
incident	[spoken] Transcribed Speech
kinesic	[spoken] Transcribed Speech
pause	[spoken] Transcribed Speech
recording	[spoken] Transcribed Speech
recordingStmt	[spoken] Transcribed Speech
scriptStmt	[spoken] Transcribed Speech
shift	[spoken] Transcribed Speech
transcriptionDesc	[spoken] Transcribed Speech
u	[spoken] Transcribed Speech
vocal	[spoken] Transcribed Speech
writing	[spoken] Transcribed Speech
altIdent	[tagdocs] Documentation of TEI modules
alternate	[tagdocs] Documentation of TEI modules
anyElement	[tagdocs] Documentation of TEI modules
att	[tagdocs] Documentation of TEI modules
attDef	[tagdocs] Documentation of TEI modules
attList	[tagdocs] Documentation of TEI modules
attRef	[tagdocs] Documentation of TEI modules
classRef	[tagdocs] Documentation of TEI modules
classSpec	[tagdocs] Documentation of TEI modules
classes	[tagdocs] Documentation of TEI modules
code	[tagdocs] Documentation of TEI modules
constraint	[tagdocs] Documentation of TEI modules
constraintSpec	[tagdocs] Documentation of TEI modules
content	[tagdocs] Documentation of TEI modules
dataFacet	[tagdocs] Documentation of TEI modules
dataRef	[tagdocs] Documentation of TEI modules
dataSpec	[tagdocs] Documentation of TEI modules
datatype	[tagdocs] Documentation of TEI modules
defaultVal	[tagdocs] Documentation of TEI modules
eg	[tagdocs] Documentation of TEI modules
egXML	[tagdocs] Documentation of TEI modules
elementRef	[tagdocs] Documentation of TEI modules
elementSpec	[tagdocs] Documentation of TEI modules
empty	[tagdocs] Documentation of TEI modules
equiv	[tagdocs] Documentation of TEI modules
exemplum	[tagdocs] Documentation of TEI modules
gi	[tagdocs] Documentation of TEI modules
ident	[tagdocs] Documentation of TEI modules
listRef	[tagdocs] Documentation of TEI modules
macroRef	[tagdocs] Documentation of TEI modules
macroSpec	[tagdocs] Documentation of TEI modules
memberOf	[tagdocs] Documentation of TEI modules
model	[tagdocs] Documentation of TEI modules
modelGrp	[tagdocs] Documentation of TEI modules
modelSequence	[tagdocs] Documentation of TEI modules
moduleRef	[tagdocs] Documentation of TEI modules
moduleSpec	[tagdocs] Documentation of TEI modules
outputRendition	[tagdocs] Documentation of TEI modules
param	[tagdocs] Documentation of TEI modules
paramList	[tagdocs] Documentation of TEI modules
paramSpec	[tagdocs] Documentation of TEI modules
remarks	[tagdocs] Documentation of TEI modules
schemaSpec	[tagdocs] Documentation of TEI modules
sequence	[tagdocs] Documentation of TEI modules
specDesc	[tagdocs] Documentation of TEI modules
specGrp	[tagdocs] Documentation of TEI modules
specGrpRef	[tagdocs] Documentation of TEI modules
specList	[tagdocs] Documentation of TEI modules
tag	[tagdocs] Documentation of TEI modules
textNode	[tagdocs] Documentation of TEI modules
val	[tagdocs] Documentation of TEI modules
valDesc	[tagdocs] Documentation of TEI modules
valItem	[tagdocs] Documentation of TEI modules
valList	[tagdocs] Documentation of TEI modules
app	[textcrit] Critical Apparatus
lacunaEnd	[textcrit] Critical Apparatus
lacunaStart	[textcrit] Critical Apparatus
lem	[textcrit] Critical Apparatus
listApp	[textcrit] Critical Apparatus
listWit	[textcrit] Critical Apparatus
rdg	[textcrit] Critical Apparatus
rdgGrp	[textcrit] Critical Apparatus
variantEncoding	[textcrit] Critical Apparatus
wit	[textcrit] Critical Apparatus
witDetail	[textcrit] Critical Apparatus
witEnd	[textcrit] Critical Apparatus
witStart	[textcrit] Critical Apparatus
witness	[textcrit] Critical Apparatus
TEI	[textstructure] Default text structure
argument	[textstructure] Default text structure
back	[textstructure] Default text structure
body	[textstructure] Default text structure
byline	[textstructure] Default text structure
closer	[textstructure] Default text structure
dateline	[textstructure] Default text structure
div	[textstructure] Default text structure
div1	[textstructure] Default text structure
div2	[textstructure] Default text structure
div3	[textstructure] Default text structure
div4	[textstructure] Default text structure
div5	[textstructure] Default text structure
div6	[textstructure] Default text structure
div7	[textstructure] Default text structure
docAuthor	[textstructure] Default text structure
docDate	[textstructure] Default text structure
docEdition	[textstructure] Default text structure
docImprint	[textstructure] Default text structure
docTitle	[textstructure] Default text structure
epigraph	[textstructure] Default text structure
floatingText	[textstructure] Default text structure
front	[textstructure] Default text structure
group	[textstructure] Default text structure
imprimatur	[textstructure] Default text structure
opener	[textstructure] Default text structure
postscript	[textstructure] Default text structure
salute	[textstructure] Default text structure
signed	[textstructure] Default text structure
text	[textstructure] Default text structure
titlePage	[textstructure] Default text structure
titlePart	[textstructure] Default text structure
trailer	[textstructure] Default text structure
addSpan	[transcr] Transcription of primary sources
am	[transcr] Transcription of primary sources
damage	[transcr] Transcription of primary sources
damageSpan	[transcr] Transcription of primary sources
delSpan	[transcr] Transcription of primary sources
ex	[transcr] Transcription of primary sources
facsimile	[transcr] Transcription of primary sources
fw	[transcr] Transcription of primary sources
handNotes	[transcr] Transcription of primary sources
handShift	[transcr] Transcription of primary sources
line	[transcr] Transcription of primary sources
listTranspose	[transcr] Transcription of primary sources
metamark	[transcr] Transcription of primary sources
mod	[transcr] Transcription of primary sources
path	[transcr] Transcription of primary sources
redo	[transcr] Transcription of primary sources
restore	[transcr] Transcription of primary sources
retrace	[transcr] Transcription of primary sources
secl	[transcr] Transcription of primary sources
sourceDoc	[transcr] Transcription of primary sources
space	[transcr] Transcription of primary sources
subst	[transcr] Transcription of primary sources
substJoin	[transcr] Transcription of primary sources
supplied	[transcr] Transcription of primary sources
surface	[transcr] Transcription of primary sources
surfaceGrp	[transcr] Transcription of primary sources
surplus	[transcr] Transcription of primary sources
transpose	[transcr] Transcription of primary sources
undo	[transcr] Transcription of primary sources
zone	[transcr] Transcription of primary sources
caesura	[verse] Verse structures
metDecl	[verse] Verse structures
metSym	[verse] Verse structures
rhyme	[verse] Verse structures
